{
  "accuracy": 0.9865470852017937,
  "precision": 0.9785714285714285,
  "recall": 0.9194630872483222,
  "f1": 0.9480968858131488,
  "confusion_matrix": [
    [
      963,
      3
    ],
    [
      12,
      137
    ]
  ]
}